{"cameraMode":{"drawMode":0,"name":"Shaded","section":"Shading Mode"},"sceneLighting":false,"audioPlay":false,"sceneViewState":{"m_AlwaysRefresh":false,"showFog":true,"showSkybox":false,"showFlares":true,"showImageEffects":true,"showParticleSystems":true,"showVisualEffectGraphs":true,"m_FxEnabled":true},"in2DMode":false,"pivot":{"x":-1.4417920112609864,"y":-0.6217697262763977,"z":-2.2966973781585695},"rotation":{"x":0.16541872918605805,"y":-0.08509986847639084,"z":0.014328965917229653,"w":0.9824444055557251},"size":3.1841917037963869,"orthographic":false}