{"cameraMode":{"drawMode":0,"name":"Shaded","section":"Shading Mode"},"sceneLighting":false,"audioPlay":false,"sceneViewState":{"m_AlwaysRefresh":false,"showFog":true,"showSkybox":false,"showFlares":true,"showImageEffects":true,"showParticleSystems":true,"showVisualEffectGraphs":true,"m_FxEnabled":true},"in2DMode":false,"pivot":{"x":1.8266141414642335,"y":-0.9009553790092468,"z":8.051904678344727},"rotation":{"x":0.07773062586784363,"y":0.11250869929790497,"z":-0.008828381076455117,"w":0.9905701279640198},"size":5.246736526489258,"orthographic":false}