{"cameraMode":{"drawMode":0,"name":"Shaded","section":"Shading Mode"},"sceneLighting":false,"audioPlay":false,"sceneViewState":{"m_AlwaysRefresh":false,"showFog":true,"showSkybox":false,"showFlares":true,"showImageEffects":true,"showParticleSystems":true,"showVisualEffectGraphs":true,"m_FxEnabled":true},"in2DMode":false,"pivot":{"x":8.789876937866211,"y":1.3376362323760987,"z":31.502809524536134},"rotation":{"x":0.12349582463502884,"y":0.1048794612288475,"z":-0.013138089329004288,"w":0.9867380261421204},"size":3.863295078277588,"orthographic":false}