{"cameraMode":{"drawMode":0,"name":"Shaded","section":"Shading Mode"},"sceneLighting":false,"audioPlay":false,"sceneViewState":{"m_AlwaysRefresh":false,"showFog":true,"showSkybox":false,"showFlares":true,"showImageEffects":true,"showParticleSystems":true,"showVisualEffectGraphs":true,"m_FxEnabled":true},"in2DMode":false,"pivot":{"x":-1.2251595258712769,"y":1.2757095098495484,"z":0.1434081494808197},"rotation":{"x":0.07518882304430008,"y":-0.41535770893096926,"z":0.0344751738011837,"w":0.9058938026428223},"size":3.8266501426696779,"orthographic":false}